<?xml version="1.0" encoding="UTF-8"?>
<metadata xml:lang="en"><Esri><CreaDate>20170824</CreaDate><CreaTime>12000600</CreaTime><ArcGISFormat>1.0</ArcGISFormat><ArcGISstyle>Item Description</ArcGISstyle><SyncOnce>TRUE</SyncOnce><DataProperties><itemProps><itemLocation><linkage Sync="TRUE">file://\\LENOVO-PC\Users\lenovo\Desktop\Concessions\Digitization of concessions\Afrique Equitoriale Francais\Anterieure_regime\Anterieure_regime</linkage><protocol Sync="TRUE">Local Area Network</protocol></itemLocation></itemProps><copyHistory><copy source="C:\Users\lenovo\Desktop\Concessions\Digitization of concessions\Afrique Equitoriale Francais\Shapefile\Anterieure_regime" dest="\\LENOVO-PC\Users\lenovo\Desktop\Concessions\Digitization of concessions\Afrique Equitoriale Francais\Anterieure_regime\Anterieure_regime" date="20170824" time="12000600"></copy></copyHistory></DataProperties></Esri></metadata>
