<?xml version="1.0" encoding="UTF-8"?>
<metadata xml:lang="en"><Esri><CreaDate>20170815</CreaDate><CreaTime>23324400</CreaTime><ArcGISFormat>1.0</ArcGISFormat><ArcGISstyle>Item Description</ArcGISstyle><SyncOnce>TRUE</SyncOnce><DataProperties><lineage><Process ToolSource="c:\program files (x86)\arcgis\desktop10.4\ArcToolbox\Toolboxes\Data Management Tools.tbx\CalculateField" Date="20170815" Time="233244">CalculateField "Tanganyika Estate" Name "Tanganyika Estate" VB #</Process><Process ToolSource="c:\program files (x86)\arcgis\desktop10.4\ArcToolbox\Toolboxes\Data Management Tools.tbx\CalculateField" Date="20170815" Time="233301">CalculateField "Tanganyika Estate" Map_Source "CO 795-23-2" VB #</Process><Process ToolSource="c:\program files (x86)\arcgis\desktop10.4\ArcToolbox\Toolboxes\Data Management Tools.tbx\CalculateField" Date="20170820" Time="093331">CalculateField "British South Africa Company's Holdings" Company "British South Africa Company" VB #</Process><Process ToolSource="c:\program files (x86)\arcgis\desktop10.4\ArcToolbox\Toolboxes\Data Management Tools.tbx\CalculateField" Date="20170820" Time="093433">CalculateField "British South Africa Company's Holdings" Nation "British" VB #</Process><Process ToolSource="c:\program files (x86)\arcgis\desktop10.4\ArcToolbox\Toolboxes\Data Management Tools.tbx\CalculateField" Date="20170820" Time="093736">CalculateField "British South Africa Company's Holdings" RevenueSrc "Mineral and land rights" VB #</Process></lineage></DataProperties></Esri></metadata>
